{"cameraMode":{"drawMode":0,"name":"Shaded","section":"Shading Mode"},"sceneLighting":false,"audioPlay":false,"sceneViewState":{"m_AlwaysRefresh":false,"showFog":false,"showSkybox":false,"showFlares":false,"showImageEffects":false,"showParticleSystems":false,"showVisualEffectGraphs":true,"m_FxEnabled":true},"in2DMode":false,"pivot":{"x":-1.3240253925323487,"y":0.029902301728725435,"z":0.4192182719707489},"rotation":{"x":-0.0002634860866237432,"y":-0.525160551071167,"z":0.00016249767213594168,"w":-0.8510037660598755},"size":1.2459936141967774,"orthographic":false}